{"cameraMode":{"drawMode":0,"name":"Shaded","section":"Shading Mode"},"sceneLighting":true,"audioPlay":false,"sceneViewState":{"showFog":true,"showMaterialUpdate":false,"showSkybox":true,"showFlares":true,"showImageEffects":true,"showParticleSystems":true},"in2DMode":false,"pivot":{"x":-5.0,"y":1.0799999237060547,"z":-6.519999980926514},"rotation":{"x":-0.2715947926044464,"y":0.44500187039375307,"z":-0.14368361234664918,"w":-0.8411755561828613},"size":17.689098358154298,"orthographic":false}